-- Insert data into CUSTOMERS table
INSERT INTO CUSTOMERS (CUSTOMER_ID, NAME, EMAIL, PHONE, ADDRESS) VALUES (1, 'John Smith', 'john.smith@example.com', '123456789', 'Street A, 123');
INSERT INTO CUSTOMERS (CUSTOMER_ID, NAME, EMAIL, PHONE, ADDRESS) VALUES (2, 'Mary Johnson', 'mary.johnson@example.com', '987654321', 'Avenue B, 456');
INSERT INTO CUSTOMERS (CUSTOMER_ID, NAME, EMAIL, PHONE, ADDRESS) VALUES (3, 'Peter Brown', 'peter.brown@example.com', '456789123', 'Square C, 789');
INSERT INTO CUSTOMERS (CUSTOMER_ID, NAME, EMAIL, PHONE, ADDRESS) VALUES (4, 'Susan Lee', 'susan.lee@example.com', '789123456', 'Boulevard D, 101');
INSERT INTO CUSTOMERS (CUSTOMER_ID, NAME, EMAIL, PHONE, ADDRESS) VALUES (5, 'Paul Walker', 'paul.walker@example.com', '321654987', 'Lane E, 202');
INSERT INTO CUSTOMERS (CUSTOMER_ID, NAME, EMAIL, PHONE, ADDRESS) VALUES (6, 'Laura Adams', 'laura.adams@example.com', '654789321', 'Street F, 303');
INSERT INTO CUSTOMERS (CUSTOMER_ID, NAME, EMAIL, PHONE, ADDRESS) VALUES (7, 'David Clark', 'david.clark@example.com', '789456123', 'Avenue G, 404');
INSERT INTO CUSTOMERS (CUSTOMER_ID, NAME, EMAIL, PHONE, ADDRESS) VALUES (8, 'Emma Harris', 'emma.harris@example.com', '123789456', 'Boulevard H, 505');
INSERT INTO CUSTOMERS (CUSTOMER_ID, NAME, EMAIL, PHONE, ADDRESS) VALUES (9, 'Michael Lewis', 'michael.lewis@example.com', '456123789', 'Square I, 606');
INSERT INTO CUSTOMERS (CUSTOMER_ID, NAME, EMAIL, PHONE, ADDRESS) VALUES (10, 'Sarah Martinez', 'sarah.martinez@example.com', '789321654', 'Lane J, 707');

-- Insert data into PRODUCTS table
INSERT INTO PRODUCTS (PRODUCT_ID, NAME, DESCRIPTION, PRICE) VALUES (1, 'Laptop', 'Dell Inspiron Laptop', 3500.00);
INSERT INTO PRODUCTS (PRODUCT_ID, NAME, DESCRIPTION, PRICE) VALUES (2, 'Smartphone', 'iPhone 12', 4500.00);
INSERT INTO PRODUCTS (PRODUCT_ID, NAME, DESCRIPTION, PRICE) VALUES (3, 'Tablet', 'Samsung Galaxy Tab', 2000.00);
INSERT INTO PRODUCTS (PRODUCT_ID, NAME, DESCRIPTION, PRICE) VALUES (4, 'Smartwatch', 'Apple Watch', 1500.00);
INSERT INTO PRODUCTS (PRODUCT_ID, NAME, DESCRIPTION, PRICE) VALUES (5, 'Headphones', 'Sony WH-1000XM4', 1200.00);
INSERT INTO PRODUCTS (PRODUCT_ID, NAME, DESCRIPTION, PRICE) VALUES (6, 'Camera', 'Canon EOS R5', 12000.00);
INSERT INTO PRODUCTS (PRODUCT_ID, NAME, DESCRIPTION, PRICE) VALUES (7, 'Printer', 'HP LaserJet Pro', 800.00);
INSERT INTO PRODUCTS (PRODUCT_ID, NAME, DESCRIPTION, PRICE) VALUES (8, 'Monitor', 'LG UltraWide', 1800.00);
INSERT INTO PRODUCTS (PRODUCT_ID, NAME, DESCRIPTION, PRICE) VALUES (9, 'Keyboard', 'Mechanical Keyboard', 400.00);
INSERT INTO PRODUCTS (PRODUCT_ID, NAME, DESCRIPTION, PRICE) VALUES (10, 'Mouse', 'Wireless Mouse', 200.00);

-- Insert data into ORDERS table
INSERT INTO ORDERS (ORDER_ID, ORDER_DATE, CUSTOMER_ID) VALUES (1, TO_DATE('2023-01-15', 'YYYY-MM-DD'), 1);
INSERT INTO ORDERS (ORDER_ID, ORDER_DATE, CUSTOMER_ID) VALUES (2, TO_DATE('2023-02-20', 'YYYY-MM-DD'), 2);
INSERT INTO ORDERS (ORDER_ID, ORDER_DATE, CUSTOMER_ID) VALUES (3, TO_DATE('2023-03-25', 'YYYY-MM-DD'), 3);
INSERT INTO ORDERS (ORDER_ID, ORDER_DATE, CUSTOMER_ID) VALUES (4, TO_DATE('2023-04-10', 'YYYY-MM-DD'), 4);
INSERT INTO ORDERS (ORDER_ID, ORDER_DATE, CUSTOMER_ID) VALUES (5, TO_DATE('2023-05-05', 'YYYY-MM-DD'), 5);
INSERT INTO ORDERS (ORDER_ID, ORDER_DATE, CUSTOMER_ID) VALUES (6, TO_DATE('2023-06-15', 'YYYY-MM-DD'), 6);
INSERT INTO ORDERS (ORDER_ID, ORDER_DATE, CUSTOMER_ID) VALUES (7, TO_DATE('2023-07-20', 'YYYY-MM-DD'), 7);
INSERT INTO ORDERS (ORDER_ID, ORDER_DATE, CUSTOMER_ID) VALUES (8, TO_DATE('2023-08-25', 'YYYY-MM-DD'), 8);
INSERT INTO ORDERS (ORDER_ID, ORDER_DATE, CUSTOMER_ID) VALUES (9, TO_DATE('2023-09-10', 'YYYY-MM-DD'), 9);
INSERT INTO ORDERS (ORDER_ID, ORDER_DATE, CUSTOMER_ID) VALUES (10, TO_DATE('2023-10-15', 'YYYY-MM-DD'), 10);

-- Insert data into ORDER_ITEMS table
INSERT INTO ORDER_ITEMS (ITEM_ID, ORDER_ID, PRODUCT_ID, QUANTITY, UNIT_PRICE) VALUES (1, 1, 1, 1, 3500.00);
INSERT INTO ORDER_ITEMS (ITEM_ID, ORDER_ID, PRODUCT_ID, QUANTITY, UNIT_PRICE) VALUES (2, 1, 2, 2, 4500.00);
INSERT INTO ORDER_ITEMS (ITEM_ID, ORDER_ID, PRODUCT_ID, QUANTITY, UNIT_PRICE) VALUES (3, 2, 3, 1, 2000.00);
INSERT INTO ORDER_ITEMS (ITEM_ID, ORDER_ID, PRODUCT_ID, QUANTITY, UNIT_PRICE) VALUES (4, 3, 1, 1, 3500.00);
INSERT INTO ORDER_ITEMS (ITEM_ID, ORDER_ID, PRODUCT_ID, QUANTITY, UNIT_PRICE) VALUES (5, 3, 3, 2, 2000.00);
INSERT INTO ORDER_ITEMS (ITEM_ID, ORDER_ID, PRODUCT_ID, QUANTITY, UNIT_PRICE) VALUES (6, 4, 4, 1, 1500.00);
INSERT INTO ORDER_ITEMS (ITEM_ID, ORDER_ID, PRODUCT_ID, QUANTITY, UNIT_PRICE) VALUES (7, 4, 5, 1, 1200.00);
INSERT INTO ORDER_ITEMS (ITEM_ID, ORDER_ID, PRODUCT_ID, QUANTITY, UNIT_PRICE) VALUES (8, 5, 6, 1, 12000.00);
INSERT INTO ORDER_ITEMS (ITEM_ID, ORDER_ID, PRODUCT_ID, QUANTITY, UNIT_PRICE) VALUES (9, 5, 7, 2, 800.00);
INSERT INTO ORDER_ITEMS (ITEM_ID, ORDER_ID, PRODUCT_ID, QUANTITY, UNIT_PRICE) VALUES (10, 6, 8, 1, 1800.00);
INSERT INTO ORDER_ITEMS (ITEM_ID, ORDER_ID, PRODUCT_ID, QUANTITY, UNIT_PRICE) VALUES (11, 6, 9, 3, 400.00);
INSERT INTO ORDER_ITEMS (ITEM_ID, ORDER_ID, PRODUCT_ID, QUANTITY, UNIT_PRICE) VALUES (12, 7, 10, 5, 200.00);
INSERT INTO ORDER_ITEMS (ITEM_ID, ORDER_ID, PRODUCT_ID, QUANTITY, UNIT_PRICE) VALUES (13, 7, 1, 2, 3500.00);
INSERT INTO ORDER_ITEMS (ITEM_ID, ORDER_ID, PRODUCT_ID, QUANTITY, UNIT_PRICE) VALUES (14, 8, 2, 1, 4500.00);
INSERT INTO ORDER_ITEMS (ITEM_ID, ORDER_ID, PRODUCT_ID, QUANTITY, UNIT_PRICE) VALUES (15, 8, 3, 4, 2000.00);
INSERT INTO ORDER_ITEMS (ITEM_ID, ORDER_ID, PRODUCT_ID, QUANTITY, UNIT_PRICE) VALUES (16, 9, 4, 1, 1500.00);
INSERT INTO ORDER_ITEMS (ITEM_ID, ORDER_ID, PRODUCT_ID, QUANTITY, UNIT_PRICE) VALUES (17, 9, 5, 2, 1200.00);
INSERT INTO ORDER_ITEMS (ITEM_ID, ORDER_ID, PRODUCT_ID, QUANTITY, UNIT_PRICE) VALUES (18, 10, 6, 1, 12000.00);
INSERT INTO ORDER_ITEMS (ITEM_ID, ORDER_ID, PRODUCT_ID, QUANTITY, UNIT_PRICE) VALUES (19, 10, 7, 3, 800.00);
INSERT INTO ORDER_ITEMS (ITEM_ID, ORDER_ID, PRODUCT_ID, QUANTITY, UNIT_PRICE) VALUES (20, 10, 8, 1, 1800.00);
